package,version,license,license_source,direct_dependency,dev_dependency,resolved,package_path,license_file
@babel/code-frame,7.29.0,MIT,package-lock,false,true,https://registry.npmjs.org/@babel/code-frame/-/code-frame-7.29.0.tgz,node_modules/@babel/code-frame,node_modules/@babel/code-frame/LICENSE
@babel/compat-data,7.29.0,MIT,package-lock,false,true,https://registry.npmjs.org/@babel/compat-data/-/compat-data-7.29.0.tgz,node_modules/@babel/compat-data,node_modules/@babel/compat-data/LICENSE
@babel/core,7.29.0,MIT,package-lock,false,true,https://registry.npmjs.org/@babel/core/-/core-7.29.0.tgz,node_modules/@babel/core,node_modules/@babel/core/LICENSE
@babel/generator,7.29.1,MIT,package-lock,false,true,https://registry.npmjs.org/@babel/generator/-/generator-7.29.1.tgz,node_modules/@babel/generator,node_modules/@babel/generator/LICENSE
@babel/helper-compilation-targets,7.28.6,MIT,package-lock,false,true,https://registry.npmjs.org/@babel/helper-compilation-targets/-/helper-compilation-targets-7.28.6.tgz,node_modules/@babel/helper-compilation-targets,node_modules/@babel/helper-compilation-targets/LICENSE
@babel/helper-globals,7.28.0,MIT,package-lock,false,true,https://registry.npmjs.org/@babel/helper-globals/-/helper-globals-7.28.0.tgz,node_modules/@babel/helper-globals,node_modules/@babel/helper-globals/LICENSE
@babel/helper-module-imports,7.28.6,MIT,package-lock,false,true,https://registry.npmjs.org/@babel/helper-module-imports/-/helper-module-imports-7.28.6.tgz,node_modules/@babel/helper-module-imports,node_modules/@babel/helper-module-imports/LICENSE
@babel/helper-module-transforms,7.28.6,MIT,package-lock,false,true,https://registry.npmjs.org/@babel/helper-module-transforms/-/helper-module-transforms-7.28.6.tgz,node_modules/@babel/helper-module-transforms,node_modules/@babel/helper-module-transforms/LICENSE
@babel/helper-plugin-utils,7.28.6,MIT,package-lock,false,true,https://registry.npmjs.org/@babel/helper-plugin-utils/-/helper-plugin-utils-7.28.6.tgz,node_modules/@babel/helper-plugin-utils,node_modules/@babel/helper-plugin-utils/LICENSE
@babel/helper-string-parser,7.27.1,MIT,package-lock,false,true,https://registry.npmjs.org/@babel/helper-string-parser/-/helper-string-parser-7.27.1.tgz,node_modules/@babel/helper-string-parser,node_modules/@babel/helper-string-parser/LICENSE
@babel/helper-validator-identifier,7.28.5,MIT,package-lock,false,true,https://registry.npmjs.org/@babel/helper-validator-identifier/-/helper-validator-identifier-7.28.5.tgz,node_modules/@babel/helper-validator-identifier,node_modules/@babel/helper-validator-identifier/LICENSE
@babel/helper-validator-option,7.27.1,MIT,package-lock,false,true,https://registry.npmjs.org/@babel/helper-validator-option/-/helper-validator-option-7.27.1.tgz,node_modules/@babel/helper-validator-option,node_modules/@babel/helper-validator-option/LICENSE
@babel/helpers,7.28.6,MIT,package-lock,false,true,https://registry.npmjs.org/@babel/helpers/-/helpers-7.28.6.tgz,node_modules/@babel/helpers,node_modules/@babel/helpers/LICENSE
@babel/parser,7.29.0,MIT,package-lock,false,true,https://registry.npmjs.org/@babel/parser/-/parser-7.29.0.tgz,node_modules/@babel/parser,node_modules/@babel/parser/LICENSE
@babel/plugin-transform-react-jsx-self,7.27.1,MIT,package-lock,false,true,https://registry.npmjs.org/@babel/plugin-transform-react-jsx-self/-/plugin-transform-react-jsx-self-7.27.1.tgz,node_modules/@babel/plugin-transform-react-jsx-self,node_modules/@babel/plugin-transform-react-jsx-self/LICENSE
@babel/plugin-transform-react-jsx-source,7.27.1,MIT,package-lock,false,true,https://registry.npmjs.org/@babel/plugin-transform-react-jsx-source/-/plugin-transform-react-jsx-source-7.27.1.tgz,node_modules/@babel/plugin-transform-react-jsx-source,node_modules/@babel/plugin-transform-react-jsx-source/LICENSE
@babel/runtime,7.28.6,MIT,package-lock,false,false,https://registry.npmjs.org/@babel/runtime/-/runtime-7.28.6.tgz,node_modules/@babel/runtime,node_modules/@babel/runtime/LICENSE
@babel/template,7.28.6,MIT,package-lock,false,true,https://registry.npmjs.org/@babel/template/-/template-7.28.6.tgz,node_modules/@babel/template,node_modules/@babel/template/LICENSE
@babel/traverse,7.29.0,MIT,package-lock,false,true,https://registry.npmjs.org/@babel/traverse/-/traverse-7.29.0.tgz,node_modules/@babel/traverse,node_modules/@babel/traverse/LICENSE
@babel/types,7.29.0,MIT,package-lock,false,true,https://registry.npmjs.org/@babel/types/-/types-7.29.0.tgz,node_modules/@babel/types,node_modules/@babel/types/LICENSE
@dimforge/rapier3d-compat,0.12.0,Apache-2.0,package-lock,false,false,https://registry.npmjs.org/@dimforge/rapier3d-compat/-/rapier3d-compat-0.12.0.tgz,node_modules/@dimforge/rapier3d-compat,node_modules/@dimforge/rapier3d-compat/LICENSE
@esbuild/aix-ppc64,0.27.2,MIT,package-lock,false,true,https://registry.npmjs.org/@esbuild/aix-ppc64/-/aix-ppc64-0.27.2.tgz,node_modules/@esbuild/aix-ppc64,
@esbuild/android-arm,0.27.2,MIT,package-lock,false,true,https://registry.npmjs.org/@esbuild/android-arm/-/android-arm-0.27.2.tgz,node_modules/@esbuild/android-arm,
@esbuild/android-arm64,0.27.2,MIT,package-lock,false,true,https://registry.npmjs.org/@esbuild/android-arm64/-/android-arm64-0.27.2.tgz,node_modules/@esbuild/android-arm64,
@esbuild/android-x64,0.27.2,MIT,package-lock,false,true,https://registry.npmjs.org/@esbuild/android-x64/-/android-x64-0.27.2.tgz,node_modules/@esbuild/android-x64,
@esbuild/darwin-arm64,0.27.2,MIT,package-lock,false,true,https://registry.npmjs.org/@esbuild/darwin-arm64/-/darwin-arm64-0.27.2.tgz,node_modules/@esbuild/darwin-arm64,
@esbuild/darwin-x64,0.27.2,MIT,package-lock,false,true,https://registry.npmjs.org/@esbuild/darwin-x64/-/darwin-x64-0.27.2.tgz,node_modules/@esbuild/darwin-x64,
@esbuild/freebsd-arm64,0.27.2,MIT,package-lock,false,true,https://registry.npmjs.org/@esbuild/freebsd-arm64/-/freebsd-arm64-0.27.2.tgz,node_modules/@esbuild/freebsd-arm64,
@esbuild/freebsd-x64,0.27.2,MIT,package-lock,false,true,https://registry.npmjs.org/@esbuild/freebsd-x64/-/freebsd-x64-0.27.2.tgz,node_modules/@esbuild/freebsd-x64,
@esbuild/linux-arm,0.27.2,MIT,package-lock,false,true,https://registry.npmjs.org/@esbuild/linux-arm/-/linux-arm-0.27.2.tgz,node_modules/@esbuild/linux-arm,
@esbuild/linux-arm64,0.27.2,MIT,package-lock,false,true,https://registry.npmjs.org/@esbuild/linux-arm64/-/linux-arm64-0.27.2.tgz,node_modules/@esbuild/linux-arm64,
@esbuild/linux-ia32,0.27.2,MIT,package-lock,false,true,https://registry.npmjs.org/@esbuild/linux-ia32/-/linux-ia32-0.27.2.tgz,node_modules/@esbuild/linux-ia32,
@esbuild/linux-loong64,0.27.2,MIT,package-lock,false,true,https://registry.npmjs.org/@esbuild/linux-loong64/-/linux-loong64-0.27.2.tgz,node_modules/@esbuild/linux-loong64,
@esbuild/linux-mips64el,0.27.2,MIT,package-lock,false,true,https://registry.npmjs.org/@esbuild/linux-mips64el/-/linux-mips64el-0.27.2.tgz,node_modules/@esbuild/linux-mips64el,
@esbuild/linux-ppc64,0.27.2,MIT,package-lock,false,true,https://registry.npmjs.org/@esbuild/linux-ppc64/-/linux-ppc64-0.27.2.tgz,node_modules/@esbuild/linux-ppc64,
@esbuild/linux-riscv64,0.27.2,MIT,package-lock,false,true,https://registry.npmjs.org/@esbuild/linux-riscv64/-/linux-riscv64-0.27.2.tgz,node_modules/@esbuild/linux-riscv64,
@esbuild/linux-s390x,0.27.2,MIT,package-lock,false,true,https://registry.npmjs.org/@esbuild/linux-s390x/-/linux-s390x-0.27.2.tgz,node_modules/@esbuild/linux-s390x,
@esbuild/linux-x64,0.27.2,MIT,package-lock,false,true,https://registry.npmjs.org/@esbuild/linux-x64/-/linux-x64-0.27.2.tgz,node_modules/@esbuild/linux-x64,
@esbuild/netbsd-arm64,0.27.2,MIT,package-lock,false,true,https://registry.npmjs.org/@esbuild/netbsd-arm64/-/netbsd-arm64-0.27.2.tgz,node_modules/@esbuild/netbsd-arm64,
@esbuild/netbsd-x64,0.27.2,MIT,package-lock,false,true,https://registry.npmjs.org/@esbuild/netbsd-x64/-/netbsd-x64-0.27.2.tgz,node_modules/@esbuild/netbsd-x64,
@esbuild/openbsd-arm64,0.27.2,MIT,package-lock,false,true,https://registry.npmjs.org/@esbuild/openbsd-arm64/-/openbsd-arm64-0.27.2.tgz,node_modules/@esbuild/openbsd-arm64,
@esbuild/openbsd-x64,0.27.2,MIT,package-lock,false,true,https://registry.npmjs.org/@esbuild/openbsd-x64/-/openbsd-x64-0.27.2.tgz,node_modules/@esbuild/openbsd-x64,
@esbuild/openharmony-arm64,0.27.2,MIT,package-lock,false,true,https://registry.npmjs.org/@esbuild/openharmony-arm64/-/openharmony-arm64-0.27.2.tgz,node_modules/@esbuild/openharmony-arm64,
@esbuild/sunos-x64,0.27.2,MIT,package-lock,false,true,https://registry.npmjs.org/@esbuild/sunos-x64/-/sunos-x64-0.27.2.tgz,node_modules/@esbuild/sunos-x64,
@esbuild/win32-arm64,0.27.2,MIT,package-lock,false,true,https://registry.npmjs.org/@esbuild/win32-arm64/-/win32-arm64-0.27.2.tgz,node_modules/@esbuild/win32-arm64,
@esbuild/win32-ia32,0.27.2,MIT,package-lock,false,true,https://registry.npmjs.org/@esbuild/win32-ia32/-/win32-ia32-0.27.2.tgz,node_modules/@esbuild/win32-ia32,
@esbuild/win32-x64,0.27.2,MIT,package-lock,false,true,https://registry.npmjs.org/@esbuild/win32-x64/-/win32-x64-0.27.2.tgz,node_modules/@esbuild/win32-x64,
@jridgewell/gen-mapping,0.3.13,MIT,package-lock,false,true,https://registry.npmjs.org/@jridgewell/gen-mapping/-/gen-mapping-0.3.13.tgz,node_modules/@jridgewell/gen-mapping,node_modules/@jridgewell/gen-mapping/LICENSE
@jridgewell/remapping,2.3.5,MIT,package-lock,false,true,https://registry.npmjs.org/@jridgewell/remapping/-/remapping-2.3.5.tgz,node_modules/@jridgewell/remapping,node_modules/@jridgewell/remapping/LICENSE
@jridgewell/resolve-uri,3.1.2,MIT,package-lock,false,true,https://registry.npmjs.org/@jridgewell/resolve-uri/-/resolve-uri-3.1.2.tgz,node_modules/@jridgewell/resolve-uri,node_modules/@jridgewell/resolve-uri/LICENSE
@jridgewell/sourcemap-codec,1.5.5,MIT,package-lock,false,true,https://registry.npmjs.org/@jridgewell/sourcemap-codec/-/sourcemap-codec-1.5.5.tgz,node_modules/@jridgewell/sourcemap-codec,node_modules/@jridgewell/sourcemap-codec/LICENSE
@jridgewell/trace-mapping,0.3.31,MIT,package-lock,false,true,https://registry.npmjs.org/@jridgewell/trace-mapping/-/trace-mapping-0.3.31.tgz,node_modules/@jridgewell/trace-mapping,node_modules/@jridgewell/trace-mapping/LICENSE
@mediapipe/tasks-vision,0.10.17,Apache-2.0,package-lock,false,false,https://registry.npmjs.org/@mediapipe/tasks-vision/-/tasks-vision-0.10.17.tgz,node_modules/@mediapipe/tasks-vision,
@monogrid/gainmap-js,3.4.0,MIT,package-lock,false,false,https://registry.npmjs.org/@monogrid/gainmap-js/-/gainmap-js-3.4.0.tgz,node_modules/@monogrid/gainmap-js,node_modules/@monogrid/gainmap-js/LICENSE
@react-three/drei,10.7.7,MIT,package-lock,true,false,https://registry.npmjs.org/@react-three/drei/-/drei-10.7.7.tgz,node_modules/@react-three/drei,node_modules/@react-three/drei/LICENSE
@react-three/fiber,9.5.0,MIT,package-lock,true,false,https://registry.npmjs.org/@react-three/fiber/-/fiber-9.5.0.tgz,node_modules/@react-three/fiber,
@remix-run/router,1.23.2,MIT,package-lock,false,false,https://registry.npmjs.org/@remix-run/router/-/router-1.23.2.tgz,node_modules/@remix-run/router,node_modules/@remix-run/router/LICENSE.md
@rolldown/pluginutils,1.0.0-rc.2,MIT,package-lock,false,true,https://registry.npmjs.org/@rolldown/pluginutils/-/pluginutils-1.0.0-rc.2.tgz,node_modules/@rolldown/pluginutils,node_modules/@rolldown/pluginutils/LICENSE
@rollup/rollup-android-arm-eabi,4.57.1,MIT,package-lock,false,true,https://registry.npmjs.org/@rollup/rollup-android-arm-eabi/-/rollup-android-arm-eabi-4.57.1.tgz,node_modules/@rollup/rollup-android-arm-eabi,
@rollup/rollup-android-arm64,4.57.1,MIT,package-lock,false,true,https://registry.npmjs.org/@rollup/rollup-android-arm64/-/rollup-android-arm64-4.57.1.tgz,node_modules/@rollup/rollup-android-arm64,
@rollup/rollup-darwin-arm64,4.57.1,MIT,package-lock,false,true,https://registry.npmjs.org/@rollup/rollup-darwin-arm64/-/rollup-darwin-arm64-4.57.1.tgz,node_modules/@rollup/rollup-darwin-arm64,
@rollup/rollup-darwin-x64,4.57.1,MIT,package-lock,false,true,https://registry.npmjs.org/@rollup/rollup-darwin-x64/-/rollup-darwin-x64-4.57.1.tgz,node_modules/@rollup/rollup-darwin-x64,
@rollup/rollup-freebsd-arm64,4.57.1,MIT,package-lock,false,true,https://registry.npmjs.org/@rollup/rollup-freebsd-arm64/-/rollup-freebsd-arm64-4.57.1.tgz,node_modules/@rollup/rollup-freebsd-arm64,
@rollup/rollup-freebsd-x64,4.57.1,MIT,package-lock,false,true,https://registry.npmjs.org/@rollup/rollup-freebsd-x64/-/rollup-freebsd-x64-4.57.1.tgz,node_modules/@rollup/rollup-freebsd-x64,
@rollup/rollup-linux-arm-gnueabihf,4.57.1,MIT,package-lock,false,true,https://registry.npmjs.org/@rollup/rollup-linux-arm-gnueabihf/-/rollup-linux-arm-gnueabihf-4.57.1.tgz,node_modules/@rollup/rollup-linux-arm-gnueabihf,
@rollup/rollup-linux-arm-musleabihf,4.57.1,MIT,package-lock,false,true,https://registry.npmjs.org/@rollup/rollup-linux-arm-musleabihf/-/rollup-linux-arm-musleabihf-4.57.1.tgz,node_modules/@rollup/rollup-linux-arm-musleabihf,
@rollup/rollup-linux-arm64-gnu,4.57.1,MIT,package-lock,false,true,https://registry.npmjs.org/@rollup/rollup-linux-arm64-gnu/-/rollup-linux-arm64-gnu-4.57.1.tgz,node_modules/@rollup/rollup-linux-arm64-gnu,
@rollup/rollup-linux-arm64-musl,4.57.1,MIT,package-lock,false,true,https://registry.npmjs.org/@rollup/rollup-linux-arm64-musl/-/rollup-linux-arm64-musl-4.57.1.tgz,node_modules/@rollup/rollup-linux-arm64-musl,
@rollup/rollup-linux-loong64-gnu,4.57.1,MIT,package-lock,false,true,https://registry.npmjs.org/@rollup/rollup-linux-loong64-gnu/-/rollup-linux-loong64-gnu-4.57.1.tgz,node_modules/@rollup/rollup-linux-loong64-gnu,
@rollup/rollup-linux-loong64-musl,4.57.1,MIT,package-lock,false,true,https://registry.npmjs.org/@rollup/rollup-linux-loong64-musl/-/rollup-linux-loong64-musl-4.57.1.tgz,node_modules/@rollup/rollup-linux-loong64-musl,
@rollup/rollup-linux-ppc64-gnu,4.57.1,MIT,package-lock,false,true,https://registry.npmjs.org/@rollup/rollup-linux-ppc64-gnu/-/rollup-linux-ppc64-gnu-4.57.1.tgz,node_modules/@rollup/rollup-linux-ppc64-gnu,
@rollup/rollup-linux-ppc64-musl,4.57.1,MIT,package-lock,false,true,https://registry.npmjs.org/@rollup/rollup-linux-ppc64-musl/-/rollup-linux-ppc64-musl-4.57.1.tgz,node_modules/@rollup/rollup-linux-ppc64-musl,
@rollup/rollup-linux-riscv64-gnu,4.57.1,MIT,package-lock,false,true,https://registry.npmjs.org/@rollup/rollup-linux-riscv64-gnu/-/rollup-linux-riscv64-gnu-4.57.1.tgz,node_modules/@rollup/rollup-linux-riscv64-gnu,
@rollup/rollup-linux-riscv64-musl,4.57.1,MIT,package-lock,false,true,https://registry.npmjs.org/@rollup/rollup-linux-riscv64-musl/-/rollup-linux-riscv64-musl-4.57.1.tgz,node_modules/@rollup/rollup-linux-riscv64-musl,
@rollup/rollup-linux-s390x-gnu,4.57.1,MIT,package-lock,false,true,https://registry.npmjs.org/@rollup/rollup-linux-s390x-gnu/-/rollup-linux-s390x-gnu-4.57.1.tgz,node_modules/@rollup/rollup-linux-s390x-gnu,
@rollup/rollup-linux-x64-gnu,4.57.1,MIT,package-lock,false,true,https://registry.npmjs.org/@rollup/rollup-linux-x64-gnu/-/rollup-linux-x64-gnu-4.57.1.tgz,node_modules/@rollup/rollup-linux-x64-gnu,
@rollup/rollup-linux-x64-musl,4.57.1,MIT,package-lock,false,true,https://registry.npmjs.org/@rollup/rollup-linux-x64-musl/-/rollup-linux-x64-musl-4.57.1.tgz,node_modules/@rollup/rollup-linux-x64-musl,
@rollup/rollup-openbsd-x64,4.57.1,MIT,package-lock,false,true,https://registry.npmjs.org/@rollup/rollup-openbsd-x64/-/rollup-openbsd-x64-4.57.1.tgz,node_modules/@rollup/rollup-openbsd-x64,
@rollup/rollup-openharmony-arm64,4.57.1,MIT,package-lock,false,true,https://registry.npmjs.org/@rollup/rollup-openharmony-arm64/-/rollup-openharmony-arm64-4.57.1.tgz,node_modules/@rollup/rollup-openharmony-arm64,
@rollup/rollup-win32-arm64-msvc,4.57.1,MIT,package-lock,false,true,https://registry.npmjs.org/@rollup/rollup-win32-arm64-msvc/-/rollup-win32-arm64-msvc-4.57.1.tgz,node_modules/@rollup/rollup-win32-arm64-msvc,
@rollup/rollup-win32-ia32-msvc,4.57.1,MIT,package-lock,false,true,https://registry.npmjs.org/@rollup/rollup-win32-ia32-msvc/-/rollup-win32-ia32-msvc-4.57.1.tgz,node_modules/@rollup/rollup-win32-ia32-msvc,
@rollup/rollup-win32-x64-gnu,4.57.1,MIT,package-lock,false,true,https://registry.npmjs.org/@rollup/rollup-win32-x64-gnu/-/rollup-win32-x64-gnu-4.57.1.tgz,node_modules/@rollup/rollup-win32-x64-gnu,
@rollup/rollup-win32-x64-msvc,4.57.1,MIT,package-lock,false,true,https://registry.npmjs.org/@rollup/rollup-win32-x64-msvc/-/rollup-win32-x64-msvc-4.57.1.tgz,node_modules/@rollup/rollup-win32-x64-msvc,
@tweenjs/tween.js,23.1.3,MIT,package-lock,false,false,https://registry.npmjs.org/@tweenjs/tween.js/-/tween.js-23.1.3.tgz,node_modules/@tweenjs/tween.js,node_modules/@tweenjs/tween.js/LICENSE
@types/babel__core,7.20.5,MIT,package-lock,false,true,https://registry.npmjs.org/@types/babel__core/-/babel__core-7.20.5.tgz,node_modules/@types/babel__core,node_modules/@types/babel__core/LICENSE
@types/babel__generator,7.27.0,MIT,package-lock,false,true,https://registry.npmjs.org/@types/babel__generator/-/babel__generator-7.27.0.tgz,node_modules/@types/babel__generator,node_modules/@types/babel__generator/LICENSE
@types/babel__template,7.4.4,MIT,package-lock,false,true,https://registry.npmjs.org/@types/babel__template/-/babel__template-7.4.4.tgz,node_modules/@types/babel__template,node_modules/@types/babel__template/LICENSE
@types/babel__traverse,7.28.0,MIT,package-lock,false,true,https://registry.npmjs.org/@types/babel__traverse/-/babel__traverse-7.28.0.tgz,node_modules/@types/babel__traverse,node_modules/@types/babel__traverse/LICENSE
@types/debug,4.1.12,MIT,package-lock,false,false,https://registry.npmjs.org/@types/debug/-/debug-4.1.12.tgz,node_modules/@types/debug,node_modules/@types/debug/LICENSE
@types/draco3d,1.4.10,MIT,package-lock,false,false,https://registry.npmjs.org/@types/draco3d/-/draco3d-1.4.10.tgz,node_modules/@types/draco3d,node_modules/@types/draco3d/LICENSE
@types/estree,1.0.8,MIT,package-lock,false,false,https://registry.npmjs.org/@types/estree/-/estree-1.0.8.tgz,node_modules/@types/estree,node_modules/@types/estree/LICENSE
@types/estree-jsx,1.0.5,MIT,package-lock,false,false,https://registry.npmjs.org/@types/estree-jsx/-/estree-jsx-1.0.5.tgz,node_modules/@types/estree-jsx,node_modules/@types/estree-jsx/LICENSE
@types/hast,2.3.10,MIT,package-lock,false,false,https://registry.npmjs.org/@types/hast/-/hast-2.3.10.tgz,node_modules/hast-util-parse-selector/node_modules/@types/hast,node_modules/hast-util-parse-selector/node_modules/@types/hast/LICENSE
@types/hast,2.3.10,MIT,package-lock,false,false,https://registry.npmjs.org/@types/hast/-/hast-2.3.10.tgz,node_modules/hastscript/node_modules/@types/hast,node_modules/hastscript/node_modules/@types/hast/LICENSE
@types/hast,2.3.10,MIT,package-lock,false,false,https://registry.npmjs.org/@types/hast/-/hast-2.3.10.tgz,node_modules/refractor/node_modules/@types/hast,node_modules/refractor/node_modules/@types/hast/LICENSE
@types/hast,3.0.4,MIT,package-lock,false,false,https://registry.npmjs.org/@types/hast/-/hast-3.0.4.tgz,node_modules/@types/hast,node_modules/@types/hast/LICENSE
@types/mdast,4.0.4,MIT,package-lock,false,false,https://registry.npmjs.org/@types/mdast/-/mdast-4.0.4.tgz,node_modules/@types/mdast,node_modules/@types/mdast/LICENSE
@types/ms,2.1.0,MIT,package-lock,false,false,https://registry.npmjs.org/@types/ms/-/ms-2.1.0.tgz,node_modules/@types/ms,node_modules/@types/ms/LICENSE
@types/offscreencanvas,2019.7.3,MIT,package-lock,false,false,https://registry.npmjs.org/@types/offscreencanvas/-/offscreencanvas-2019.7.3.tgz,node_modules/@types/offscreencanvas,node_modules/@types/offscreencanvas/LICENSE
@types/prismjs,1.26.5,MIT,package-lock,true,false,https://registry.npmjs.org/@types/prismjs/-/prismjs-1.26.5.tgz,node_modules/@types/prismjs,node_modules/@types/prismjs/LICENSE
@types/react,19.2.13,MIT,package-lock,true,false,https://registry.npmjs.org/@types/react/-/react-19.2.13.tgz,node_modules/@types/react,node_modules/@types/react/LICENSE
@types/react-dom,19.2.3,MIT,package-lock,true,true,https://registry.npmjs.org/@types/react-dom/-/react-dom-19.2.3.tgz,node_modules/@types/react-dom,node_modules/@types/react-dom/LICENSE
@types/react-reconciler,0.28.9,MIT,package-lock,false,false,https://registry.npmjs.org/@types/react-reconciler/-/react-reconciler-0.28.9.tgz,node_modules/@types/react-reconciler,node_modules/@types/react-reconciler/LICENSE
@types/stats.js,0.17.4,MIT,package-lock,false,false,https://registry.npmjs.org/@types/stats.js/-/stats.js-0.17.4.tgz,node_modules/@types/stats.js,node_modules/@types/stats.js/LICENSE
@types/three,0.182.0,MIT,package-lock,false,false,https://registry.npmjs.org/@types/three/-/three-0.182.0.tgz,node_modules/@types/three,node_modules/@types/three/LICENSE
@types/unist,2.0.11,MIT,package-lock,false,false,https://registry.npmjs.org/@types/unist/-/unist-2.0.11.tgz,node_modules/hast-util-parse-selector/node_modules/@types/unist,node_modules/hast-util-parse-selector/node_modules/@types/unist/LICENSE
@types/unist,2.0.11,MIT,package-lock,false,false,https://registry.npmjs.org/@types/unist/-/unist-2.0.11.tgz,node_modules/hastscript/node_modules/@types/unist,node_modules/hastscript/node_modules/@types/unist/LICENSE
@types/unist,2.0.11,MIT,package-lock,false,false,https://registry.npmjs.org/@types/unist/-/unist-2.0.11.tgz,node_modules/parse-entities/node_modules/@types/unist,node_modules/parse-entities/node_modules/@types/unist/LICENSE
@types/unist,2.0.11,MIT,package-lock,false,false,https://registry.npmjs.org/@types/unist/-/unist-2.0.11.tgz,node_modules/refractor/node_modules/@types/unist,node_modules/refractor/node_modules/@types/unist/LICENSE
@types/unist,3.0.3,MIT,package-lock,false,false,https://registry.npmjs.org/@types/unist/-/unist-3.0.3.tgz,node_modules/@types/unist,node_modules/@types/unist/LICENSE
@types/webxr,0.5.24,MIT,package-lock,false,false,https://registry.npmjs.org/@types/webxr/-/webxr-0.5.24.tgz,node_modules/@types/webxr,node_modules/@types/webxr/LICENSE
@ungap/structured-clone,1.3.0,ISC,package-lock,false,false,https://registry.npmjs.org/@ungap/structured-clone/-/structured-clone-1.3.0.tgz,node_modules/@ungap/structured-clone,node_modules/@ungap/structured-clone/LICENSE
@use-gesture/core,10.3.1,MIT,package-lock,false,false,https://registry.npmjs.org/@use-gesture/core/-/core-10.3.1.tgz,node_modules/@use-gesture/core,node_modules/@use-gesture/core/LICENSE
@use-gesture/react,10.3.1,MIT,package-lock,false,false,https://registry.npmjs.org/@use-gesture/react/-/react-10.3.1.tgz,node_modules/@use-gesture/react,node_modules/@use-gesture/react/LICENSE
@vitejs/plugin-react,5.1.3,MIT,package-lock,true,true,https://registry.npmjs.org/@vitejs/plugin-react/-/plugin-react-5.1.3.tgz,node_modules/@vitejs/plugin-react,node_modules/@vitejs/plugin-react/LICENSE
@webgpu/types,0.1.69,BSD-3-Clause,package-lock,false,false,https://registry.npmjs.org/@webgpu/types/-/types-0.1.69.tgz,node_modules/@webgpu/types,node_modules/@webgpu/types/LICENSE
bail,2.0.2,MIT,package-lock,false,false,https://registry.npmjs.org/bail/-/bail-2.0.2.tgz,node_modules/bail,node_modules/bail/license
base64-js,1.5.1,MIT,package-lock,false,false,https://registry.npmjs.org/base64-js/-/base64-js-1.5.1.tgz,node_modules/base64-js,node_modules/base64-js/LICENSE
baseline-browser-mapping,2.9.19,Apache-2.0,package-lock,false,true,https://registry.npmjs.org/baseline-browser-mapping/-/baseline-browser-mapping-2.9.19.tgz,node_modules/baseline-browser-mapping,node_modules/baseline-browser-mapping/LICENSE.txt
bidi-js,1.0.3,MIT,package-lock,false,false,https://registry.npmjs.org/bidi-js/-/bidi-js-1.0.3.tgz,node_modules/bidi-js,node_modules/bidi-js/LICENSE.txt
browserslist,4.28.1,MIT,package-lock,false,true,https://registry.npmjs.org/browserslist/-/browserslist-4.28.1.tgz,node_modules/browserslist,node_modules/browserslist/LICENSE
buffer,6.0.3,MIT,package-lock,false,false,https://registry.npmjs.org/buffer/-/buffer-6.0.3.tgz,node_modules/buffer,node_modules/buffer/LICENSE
camera-controls,3.1.2,MIT,package-lock,false,false,https://registry.npmjs.org/camera-controls/-/camera-controls-3.1.2.tgz,node_modules/camera-controls,node_modules/camera-controls/LICENSE
caniuse-lite,1.0.30001768,CC-BY-4.0,package-lock,false,true,https://registry.npmjs.org/caniuse-lite/-/caniuse-lite-1.0.30001768.tgz,node_modules/caniuse-lite,node_modules/caniuse-lite/LICENSE
ccount,2.0.1,MIT,package-lock,false,false,https://registry.npmjs.org/ccount/-/ccount-2.0.1.tgz,node_modules/ccount,node_modules/ccount/license
character-entities,2.0.2,MIT,package-lock,false,false,https://registry.npmjs.org/character-entities/-/character-entities-2.0.2.tgz,node_modules/character-entities,node_modules/character-entities/license
character-entities-html4,2.1.0,MIT,package-lock,false,false,https://registry.npmjs.org/character-entities-html4/-/character-entities-html4-2.1.0.tgz,node_modules/character-entities-html4,node_modules/character-entities-html4/license
character-entities-legacy,3.0.0,MIT,package-lock,false,false,https://registry.npmjs.org/character-entities-legacy/-/character-entities-legacy-3.0.0.tgz,node_modules/character-entities-legacy,node_modules/character-entities-legacy/license
character-reference-invalid,2.0.1,MIT,package-lock,false,false,https://registry.npmjs.org/character-reference-invalid/-/character-reference-invalid-2.0.1.tgz,node_modules/character-reference-invalid,node_modules/character-reference-invalid/license
comma-separated-tokens,2.0.3,MIT,package-lock,false,false,https://registry.npmjs.org/comma-separated-tokens/-/comma-separated-tokens-2.0.3.tgz,node_modules/comma-separated-tokens,node_modules/comma-separated-tokens/license
convert-source-map,2.0.0,MIT,package-lock,false,true,https://registry.npmjs.org/convert-source-map/-/convert-source-map-2.0.0.tgz,node_modules/convert-source-map,node_modules/convert-source-map/LICENSE
cross-env,7.0.3,MIT,package-lock,false,false,https://registry.npmjs.org/cross-env/-/cross-env-7.0.3.tgz,node_modules/cross-env,node_modules/cross-env/LICENSE
cross-spawn,7.0.6,MIT,package-lock,false,false,https://registry.npmjs.org/cross-spawn/-/cross-spawn-7.0.6.tgz,node_modules/cross-spawn,node_modules/cross-spawn/LICENSE
csstype,3.2.3,MIT,package-lock,false,false,https://registry.npmjs.org/csstype/-/csstype-3.2.3.tgz,node_modules/csstype,node_modules/csstype/LICENSE
debug,4.4.3,MIT,package-lock,false,false,https://registry.npmjs.org/debug/-/debug-4.4.3.tgz,node_modules/debug,node_modules/debug/LICENSE
decode-named-character-reference,1.3.0,MIT,package-lock,false,false,https://registry.npmjs.org/decode-named-character-reference/-/decode-named-character-reference-1.3.0.tgz,node_modules/decode-named-character-reference,node_modules/decode-named-character-reference/license
dequal,2.0.3,MIT,package-lock,false,false,https://registry.npmjs.org/dequal/-/dequal-2.0.3.tgz,node_modules/dequal,node_modules/dequal/license
detect-gpu,5.0.70,MIT,package-lock,false,false,https://registry.npmjs.org/detect-gpu/-/detect-gpu-5.0.70.tgz,node_modules/detect-gpu,node_modules/detect-gpu/LICENSE
devlop,1.1.0,MIT,package-lock,false,false,https://registry.npmjs.org/devlop/-/devlop-1.1.0.tgz,node_modules/devlop,node_modules/devlop/license
draco3d,1.5.7,Apache-2.0,package-lock,false,false,https://registry.npmjs.org/draco3d/-/draco3d-1.5.7.tgz,node_modules/draco3d,
electron-to-chromium,1.5.286,ISC,package-lock,false,true,https://registry.npmjs.org/electron-to-chromium/-/electron-to-chromium-1.5.286.tgz,node_modules/electron-to-chromium,node_modules/electron-to-chromium/LICENSE
entities,6.0.1,BSD-2-Clause,package-lock,false,false,https://registry.npmjs.org/entities/-/entities-6.0.1.tgz,node_modules/entities,node_modules/entities/LICENSE
esbuild,0.27.2,MIT,package-lock,false,true,https://registry.npmjs.org/esbuild/-/esbuild-0.27.2.tgz,node_modules/esbuild,node_modules/esbuild/LICENSE.md
escalade,3.2.0,MIT,package-lock,false,true,https://registry.npmjs.org/escalade/-/escalade-3.2.0.tgz,node_modules/escalade,node_modules/escalade/license
escape-string-regexp,5.0.0,MIT,package-lock,false,false,https://registry.npmjs.org/escape-string-regexp/-/escape-string-regexp-5.0.0.tgz,node_modules/escape-string-regexp,node_modules/escape-string-regexp/license
estree-util-is-identifier-name,3.0.0,MIT,package-lock,false,false,https://registry.npmjs.org/estree-util-is-identifier-name/-/estree-util-is-identifier-name-3.0.0.tgz,node_modules/estree-util-is-identifier-name,node_modules/estree-util-is-identifier-name/license
extend,3.0.2,MIT,package-lock,false,false,https://registry.npmjs.org/extend/-/extend-3.0.2.tgz,node_modules/extend,node_modules/extend/LICENSE
fdir,6.5.0,MIT,package-lock,false,true,https://registry.npmjs.org/fdir/-/fdir-6.5.0.tgz,node_modules/fdir,node_modules/fdir/LICENSE
fflate,0.6.10,MIT,package-lock,false,false,https://registry.npmjs.org/fflate/-/fflate-0.6.10.tgz,node_modules/three-stdlib/node_modules/fflate,node_modules/three-stdlib/node_modules/fflate/LICENSE
fflate,0.8.2,MIT,package-lock,false,false,https://registry.npmjs.org/fflate/-/fflate-0.8.2.tgz,node_modules/fflate,node_modules/fflate/LICENSE
fsevents,2.3.3,MIT,package-lock,false,true,https://registry.npmjs.org/fsevents/-/fsevents-2.3.3.tgz,node_modules/fsevents,
gensync,1.0.0-beta.2,MIT,package-lock,false,true,https://registry.npmjs.org/gensync/-/gensync-1.0.0-beta.2.tgz,node_modules/gensync,node_modules/gensync/LICENSE
glsl-noise,0.0.0,MIT,package-lock,false,false,https://registry.npmjs.org/glsl-noise/-/glsl-noise-0.0.0.tgz,node_modules/glsl-noise,node_modules/glsl-noise/LICENSE
hast-util-from-html,2.0.3,MIT,package-lock,false,false,https://registry.npmjs.org/hast-util-from-html/-/hast-util-from-html-2.0.3.tgz,node_modules/hast-util-from-html,node_modules/hast-util-from-html/license
hast-util-from-parse5,8.0.3,MIT,package-lock,false,false,https://registry.npmjs.org/hast-util-from-parse5/-/hast-util-from-parse5-8.0.3.tgz,node_modules/hast-util-from-parse5,node_modules/hast-util-from-parse5/license
hast-util-parse-selector,3.1.1,MIT,package-lock,false,false,https://registry.npmjs.org/hast-util-parse-selector/-/hast-util-parse-selector-3.1.1.tgz,node_modules/hast-util-parse-selector,node_modules/hast-util-parse-selector/license
hast-util-parse-selector,4.0.0,MIT,package-lock,false,false,https://registry.npmjs.org/hast-util-parse-selector/-/hast-util-parse-selector-4.0.0.tgz,node_modules/hast-util-from-parse5/node_modules/hast-util-parse-selector,node_modules/hast-util-from-parse5/node_modules/hast-util-parse-selector/license
hast-util-to-jsx-runtime,2.3.6,MIT,package-lock,false,false,https://registry.npmjs.org/hast-util-to-jsx-runtime/-/hast-util-to-jsx-runtime-2.3.6.tgz,node_modules/hast-util-to-jsx-runtime,node_modules/hast-util-to-jsx-runtime/license
hast-util-to-string,3.0.1,MIT,package-lock,false,false,https://registry.npmjs.org/hast-util-to-string/-/hast-util-to-string-3.0.1.tgz,node_modules/hast-util-to-string,node_modules/hast-util-to-string/license
hast-util-whitespace,3.0.0,MIT,package-lock,false,false,https://registry.npmjs.org/hast-util-whitespace/-/hast-util-whitespace-3.0.0.tgz,node_modules/hast-util-whitespace,node_modules/hast-util-whitespace/license
hastscript,7.2.0,MIT,package-lock,false,false,https://registry.npmjs.org/hastscript/-/hastscript-7.2.0.tgz,node_modules/hastscript,node_modules/hastscript/license
hastscript,9.0.1,MIT,package-lock,false,false,https://registry.npmjs.org/hastscript/-/hastscript-9.0.1.tgz,node_modules/hast-util-from-parse5/node_modules/hastscript,node_modules/hast-util-from-parse5/node_modules/hastscript/license
hls.js,1.6.15,Apache-2.0,package-lock,false,false,https://registry.npmjs.org/hls.js/-/hls.js-1.6.15.tgz,node_modules/hls.js,node_modules/hls.js/LICENSE
html-url-attributes,3.0.1,MIT,package-lock,false,false,https://registry.npmjs.org/html-url-attributes/-/html-url-attributes-3.0.1.tgz,node_modules/html-url-attributes,node_modules/html-url-attributes/license
ieee754,1.2.1,BSD-3-Clause,package-lock,false,false,https://registry.npmjs.org/ieee754/-/ieee754-1.2.1.tgz,node_modules/ieee754,node_modules/ieee754/LICENSE
immediate,3.0.6,MIT,package-lock,false,false,https://registry.npmjs.org/immediate/-/immediate-3.0.6.tgz,node_modules/immediate,node_modules/immediate/LICENSE.txt
inline-style-parser,0.2.7,MIT,package-lock,false,false,https://registry.npmjs.org/inline-style-parser/-/inline-style-parser-0.2.7.tgz,node_modules/inline-style-parser,node_modules/inline-style-parser/LICENSE
is-alphabetical,2.0.1,MIT,package-lock,false,false,https://registry.npmjs.org/is-alphabetical/-/is-alphabetical-2.0.1.tgz,node_modules/is-alphabetical,node_modules/is-alphabetical/license
is-alphanumerical,2.0.1,MIT,package-lock,false,false,https://registry.npmjs.org/is-alphanumerical/-/is-alphanumerical-2.0.1.tgz,node_modules/is-alphanumerical,node_modules/is-alphanumerical/license
is-decimal,2.0.1,MIT,package-lock,false,false,https://registry.npmjs.org/is-decimal/-/is-decimal-2.0.1.tgz,node_modules/is-decimal,node_modules/is-decimal/license
is-hexadecimal,2.0.1,MIT,package-lock,false,false,https://registry.npmjs.org/is-hexadecimal/-/is-hexadecimal-2.0.1.tgz,node_modules/is-hexadecimal,node_modules/is-hexadecimal/license
is-plain-obj,4.1.0,MIT,package-lock,false,false,https://registry.npmjs.org/is-plain-obj/-/is-plain-obj-4.1.0.tgz,node_modules/is-plain-obj,node_modules/is-plain-obj/license
is-promise,2.2.2,MIT,package-lock,false,false,https://registry.npmjs.org/is-promise/-/is-promise-2.2.2.tgz,node_modules/is-promise,node_modules/is-promise/LICENSE
isexe,2.0.0,ISC,package-lock,false,false,https://registry.npmjs.org/isexe/-/isexe-2.0.0.tgz,node_modules/isexe,node_modules/isexe/LICENSE
its-fine,2.0.0,MIT,package-lock,false,false,https://registry.npmjs.org/its-fine/-/its-fine-2.0.0.tgz,node_modules/its-fine,node_modules/its-fine/LICENSE
js-tokens,4.0.0,MIT,package-lock,false,true,https://registry.npmjs.org/js-tokens/-/js-tokens-4.0.0.tgz,node_modules/js-tokens,node_modules/js-tokens/LICENSE
jsesc,3.1.0,MIT,package-lock,false,true,https://registry.npmjs.org/jsesc/-/jsesc-3.1.0.tgz,node_modules/jsesc,
json5,2.2.3,MIT,package-lock,false,true,https://registry.npmjs.org/json5/-/json5-2.2.3.tgz,node_modules/json5,node_modules/json5/LICENSE.md
lie,3.3.0,MIT,package-lock,false,false,https://registry.npmjs.org/lie/-/lie-3.3.0.tgz,node_modules/lie,node_modules/lie/license.md
longest-streak,3.1.0,MIT,package-lock,false,false,https://registry.npmjs.org/longest-streak/-/longest-streak-3.1.0.tgz,node_modules/longest-streak,node_modules/longest-streak/license
lru-cache,5.1.1,ISC,package-lock,false,true,https://registry.npmjs.org/lru-cache/-/lru-cache-5.1.1.tgz,node_modules/lru-cache,node_modules/lru-cache/LICENSE
maath,0.10.8,MIT,package-lock,false,false,https://registry.npmjs.org/maath/-/maath-0.10.8.tgz,node_modules/maath,
markdown-table,3.0.4,MIT,package-lock,false,false,https://registry.npmjs.org/markdown-table/-/markdown-table-3.0.4.tgz,node_modules/markdown-table,node_modules/markdown-table/license
mdast-util-find-and-replace,3.0.2,MIT,package-lock,false,false,https://registry.npmjs.org/mdast-util-find-and-replace/-/mdast-util-find-and-replace-3.0.2.tgz,node_modules/mdast-util-find-and-replace,node_modules/mdast-util-find-and-replace/license
mdast-util-from-markdown,2.0.2,MIT,package-lock,false,false,https://registry.npmjs.org/mdast-util-from-markdown/-/mdast-util-from-markdown-2.0.2.tgz,node_modules/mdast-util-from-markdown,node_modules/mdast-util-from-markdown/license
mdast-util-gfm,3.1.0,MIT,package-lock,false,false,https://registry.npmjs.org/mdast-util-gfm/-/mdast-util-gfm-3.1.0.tgz,node_modules/mdast-util-gfm,node_modules/mdast-util-gfm/license
mdast-util-gfm-autolink-literal,2.0.1,MIT,package-lock,false,false,https://registry.npmjs.org/mdast-util-gfm-autolink-literal/-/mdast-util-gfm-autolink-literal-2.0.1.tgz,node_modules/mdast-util-gfm-autolink-literal,node_modules/mdast-util-gfm-autolink-literal/license
mdast-util-gfm-footnote,2.1.0,MIT,package-lock,false,false,https://registry.npmjs.org/mdast-util-gfm-footnote/-/mdast-util-gfm-footnote-2.1.0.tgz,node_modules/mdast-util-gfm-footnote,node_modules/mdast-util-gfm-footnote/license
mdast-util-gfm-strikethrough,2.0.0,MIT,package-lock,false,false,https://registry.npmjs.org/mdast-util-gfm-strikethrough/-/mdast-util-gfm-strikethrough-2.0.0.tgz,node_modules/mdast-util-gfm-strikethrough,node_modules/mdast-util-gfm-strikethrough/license
mdast-util-gfm-table,2.0.0,MIT,package-lock,false,false,https://registry.npmjs.org/mdast-util-gfm-table/-/mdast-util-gfm-table-2.0.0.tgz,node_modules/mdast-util-gfm-table,node_modules/mdast-util-gfm-table/license
mdast-util-gfm-task-list-item,2.0.0,MIT,package-lock,false,false,https://registry.npmjs.org/mdast-util-gfm-task-list-item/-/mdast-util-gfm-task-list-item-2.0.0.tgz,node_modules/mdast-util-gfm-task-list-item,node_modules/mdast-util-gfm-task-list-item/license
mdast-util-mdx-expression,2.0.1,MIT,package-lock,false,false,https://registry.npmjs.org/mdast-util-mdx-expression/-/mdast-util-mdx-expression-2.0.1.tgz,node_modules/mdast-util-mdx-expression,node_modules/mdast-util-mdx-expression/license
mdast-util-mdx-jsx,3.2.0,MIT,package-lock,false,false,https://registry.npmjs.org/mdast-util-mdx-jsx/-/mdast-util-mdx-jsx-3.2.0.tgz,node_modules/mdast-util-mdx-jsx,node_modules/mdast-util-mdx-jsx/license
mdast-util-mdxjs-esm,2.0.1,MIT,package-lock,false,false,https://registry.npmjs.org/mdast-util-mdxjs-esm/-/mdast-util-mdxjs-esm-2.0.1.tgz,node_modules/mdast-util-mdxjs-esm,node_modules/mdast-util-mdxjs-esm/license
mdast-util-phrasing,4.1.0,MIT,package-lock,false,false,https://registry.npmjs.org/mdast-util-phrasing/-/mdast-util-phrasing-4.1.0.tgz,node_modules/mdast-util-phrasing,node_modules/mdast-util-phrasing/license
mdast-util-to-hast,13.2.1,MIT,package-lock,false,false,https://registry.npmjs.org/mdast-util-to-hast/-/mdast-util-to-hast-13.2.1.tgz,node_modules/mdast-util-to-hast,node_modules/mdast-util-to-hast/license
mdast-util-to-markdown,2.1.2,MIT,package-lock,false,false,https://registry.npmjs.org/mdast-util-to-markdown/-/mdast-util-to-markdown-2.1.2.tgz,node_modules/mdast-util-to-markdown,node_modules/mdast-util-to-markdown/license
mdast-util-to-string,4.0.0,MIT,package-lock,false,false,https://registry.npmjs.org/mdast-util-to-string/-/mdast-util-to-string-4.0.0.tgz,node_modules/mdast-util-to-string,node_modules/mdast-util-to-string/license
meshline,3.3.1,MIT,package-lock,false,false,https://registry.npmjs.org/meshline/-/meshline-3.3.1.tgz,node_modules/meshline,node_modules/meshline/LICENSE
meshoptimizer,0.22.0,MIT,package-lock,false,false,https://registry.npmjs.org/meshoptimizer/-/meshoptimizer-0.22.0.tgz,node_modules/meshoptimizer,node_modules/meshoptimizer/LICENSE.md
micromark,4.0.2,MIT,package-lock,false,false,https://registry.npmjs.org/micromark/-/micromark-4.0.2.tgz,node_modules/micromark,node_modules/micromark/license
micromark-core-commonmark,2.0.3,MIT,package-lock,false,false,https://registry.npmjs.org/micromark-core-commonmark/-/micromark-core-commonmark-2.0.3.tgz,node_modules/micromark-core-commonmark,node_modules/micromark-core-commonmark/license
micromark-extension-gfm,3.0.0,MIT,package-lock,false,false,https://registry.npmjs.org/micromark-extension-gfm/-/micromark-extension-gfm-3.0.0.tgz,node_modules/micromark-extension-gfm,node_modules/micromark-extension-gfm/license
micromark-extension-gfm-autolink-literal,2.1.0,MIT,package-lock,false,false,https://registry.npmjs.org/micromark-extension-gfm-autolink-literal/-/micromark-extension-gfm-autolink-literal-2.1.0.tgz,node_modules/micromark-extension-gfm-autolink-literal,node_modules/micromark-extension-gfm-autolink-literal/license
micromark-extension-gfm-footnote,2.1.0,MIT,package-lock,false,false,https://registry.npmjs.org/micromark-extension-gfm-footnote/-/micromark-extension-gfm-footnote-2.1.0.tgz,node_modules/micromark-extension-gfm-footnote,node_modules/micromark-extension-gfm-footnote/license
micromark-extension-gfm-strikethrough,2.1.0,MIT,package-lock,false,false,https://registry.npmjs.org/micromark-extension-gfm-strikethrough/-/micromark-extension-gfm-strikethrough-2.1.0.tgz,node_modules/micromark-extension-gfm-strikethrough,node_modules/micromark-extension-gfm-strikethrough/license
micromark-extension-gfm-table,2.1.1,MIT,package-lock,false,false,https://registry.npmjs.org/micromark-extension-gfm-table/-/micromark-extension-gfm-table-2.1.1.tgz,node_modules/micromark-extension-gfm-table,node_modules/micromark-extension-gfm-table/license
micromark-extension-gfm-tagfilter,2.0.0,MIT,package-lock,false,false,https://registry.npmjs.org/micromark-extension-gfm-tagfilter/-/micromark-extension-gfm-tagfilter-2.0.0.tgz,node_modules/micromark-extension-gfm-tagfilter,node_modules/micromark-extension-gfm-tagfilter/license
micromark-extension-gfm-task-list-item,2.1.0,MIT,package-lock,false,false,https://registry.npmjs.org/micromark-extension-gfm-task-list-item/-/micromark-extension-gfm-task-list-item-2.1.0.tgz,node_modules/micromark-extension-gfm-task-list-item,node_modules/micromark-extension-gfm-task-list-item/license
micromark-factory-destination,2.0.1,MIT,package-lock,false,false,https://registry.npmjs.org/micromark-factory-destination/-/micromark-factory-destination-2.0.1.tgz,node_modules/micromark-factory-destination,node_modules/micromark-factory-destination/license
micromark-factory-label,2.0.1,MIT,package-lock,false,false,https://registry.npmjs.org/micromark-factory-label/-/micromark-factory-label-2.0.1.tgz,node_modules/micromark-factory-label,node_modules/micromark-factory-label/license
micromark-factory-space,2.0.1,MIT,package-lock,false,false,https://registry.npmjs.org/micromark-factory-space/-/micromark-factory-space-2.0.1.tgz,node_modules/micromark-factory-space,node_modules/micromark-factory-space/license
micromark-factory-title,2.0.1,MIT,package-lock,false,false,https://registry.npmjs.org/micromark-factory-title/-/micromark-factory-title-2.0.1.tgz,node_modules/micromark-factory-title,node_modules/micromark-factory-title/license
micromark-factory-whitespace,2.0.1,MIT,package-lock,false,false,https://registry.npmjs.org/micromark-factory-whitespace/-/micromark-factory-whitespace-2.0.1.tgz,node_modules/micromark-factory-whitespace,node_modules/micromark-factory-whitespace/license
micromark-util-character,2.1.1,MIT,package-lock,false,false,https://registry.npmjs.org/micromark-util-character/-/micromark-util-character-2.1.1.tgz,node_modules/micromark-util-character,node_modules/micromark-util-character/license
micromark-util-chunked,2.0.1,MIT,package-lock,false,false,https://registry.npmjs.org/micromark-util-chunked/-/micromark-util-chunked-2.0.1.tgz,node_modules/micromark-util-chunked,node_modules/micromark-util-chunked/license
micromark-util-classify-character,2.0.1,MIT,package-lock,false,false,https://registry.npmjs.org/micromark-util-classify-character/-/micromark-util-classify-character-2.0.1.tgz,node_modules/micromark-util-classify-character,node_modules/micromark-util-classify-character/license
micromark-util-combine-extensions,2.0.1,MIT,package-lock,false,false,https://registry.npmjs.org/micromark-util-combine-extensions/-/micromark-util-combine-extensions-2.0.1.tgz,node_modules/micromark-util-combine-extensions,node_modules/micromark-util-combine-extensions/license
micromark-util-decode-numeric-character-reference,2.0.2,MIT,package-lock,false,false,https://registry.npmjs.org/micromark-util-decode-numeric-character-reference/-/micromark-util-decode-numeric-character-reference-2.0.2.tgz,node_modules/micromark-util-decode-numeric-character-reference,node_modules/micromark-util-decode-numeric-character-reference/license
micromark-util-decode-string,2.0.1,MIT,package-lock,false,false,https://registry.npmjs.org/micromark-util-decode-string/-/micromark-util-decode-string-2.0.1.tgz,node_modules/micromark-util-decode-string,node_modules/micromark-util-decode-string/license
micromark-util-encode,2.0.1,MIT,package-lock,false,false,https://registry.npmjs.org/micromark-util-encode/-/micromark-util-encode-2.0.1.tgz,node_modules/micromark-util-encode,node_modules/micromark-util-encode/license
micromark-util-html-tag-name,2.0.1,MIT,package-lock,false,false,https://registry.npmjs.org/micromark-util-html-tag-name/-/micromark-util-html-tag-name-2.0.1.tgz,node_modules/micromark-util-html-tag-name,node_modules/micromark-util-html-tag-name/license
micromark-util-normalize-identifier,2.0.1,MIT,package-lock,false,false,https://registry.npmjs.org/micromark-util-normalize-identifier/-/micromark-util-normalize-identifier-2.0.1.tgz,node_modules/micromark-util-normalize-identifier,node_modules/micromark-util-normalize-identifier/license
micromark-util-resolve-all,2.0.1,MIT,package-lock,false,false,https://registry.npmjs.org/micromark-util-resolve-all/-/micromark-util-resolve-all-2.0.1.tgz,node_modules/micromark-util-resolve-all,node_modules/micromark-util-resolve-all/license
micromark-util-sanitize-uri,2.0.1,MIT,package-lock,false,false,https://registry.npmjs.org/micromark-util-sanitize-uri/-/micromark-util-sanitize-uri-2.0.1.tgz,node_modules/micromark-util-sanitize-uri,node_modules/micromark-util-sanitize-uri/license
micromark-util-subtokenize,2.1.0,MIT,package-lock,false,false,https://registry.npmjs.org/micromark-util-subtokenize/-/micromark-util-subtokenize-2.1.0.tgz,node_modules/micromark-util-subtokenize,node_modules/micromark-util-subtokenize/license
micromark-util-symbol,2.0.1,MIT,package-lock,false,false,https://registry.npmjs.org/micromark-util-symbol/-/micromark-util-symbol-2.0.1.tgz,node_modules/micromark-util-symbol,node_modules/micromark-util-symbol/license
micromark-util-types,2.0.2,MIT,package-lock,false,false,https://registry.npmjs.org/micromark-util-types/-/micromark-util-types-2.0.2.tgz,node_modules/micromark-util-types,node_modules/micromark-util-types/license
ms,2.1.3,MIT,package-lock,false,false,https://registry.npmjs.org/ms/-/ms-2.1.3.tgz,node_modules/ms,node_modules/ms/license.md
nanoid,3.3.11,MIT,package-lock,false,true,https://registry.npmjs.org/nanoid/-/nanoid-3.3.11.tgz,node_modules/nanoid,node_modules/nanoid/LICENSE
node-releases,2.0.27,MIT,package-lock,false,true,https://registry.npmjs.org/node-releases/-/node-releases-2.0.27.tgz,node_modules/node-releases,node_modules/node-releases/LICENSE
parse-entities,4.0.2,MIT,package-lock,false,false,https://registry.npmjs.org/parse-entities/-/parse-entities-4.0.2.tgz,node_modules/parse-entities,node_modules/parse-entities/license
parse-numeric-range,1.3.0,ISC,package-lock,false,false,https://registry.npmjs.org/parse-numeric-range/-/parse-numeric-range-1.3.0.tgz,node_modules/parse-numeric-range,node_modules/parse-numeric-range/LICENSE
parse5,7.3.0,MIT,package-lock,false,false,https://registry.npmjs.org/parse5/-/parse5-7.3.0.tgz,node_modules/parse5,node_modules/parse5/LICENSE
path-key,3.1.1,MIT,package-lock,false,false,https://registry.npmjs.org/path-key/-/path-key-3.1.1.tgz,node_modules/path-key,node_modules/path-key/license
picocolors,1.1.1,ISC,package-lock,false,true,https://registry.npmjs.org/picocolors/-/picocolors-1.1.1.tgz,node_modules/picocolors,node_modules/picocolors/LICENSE
picomatch,4.0.3,MIT,package-lock,false,true,https://registry.npmjs.org/picomatch/-/picomatch-4.0.3.tgz,node_modules/picomatch,node_modules/picomatch/LICENSE
postcss,8.5.6,MIT,package-lock,false,true,https://registry.npmjs.org/postcss/-/postcss-8.5.6.tgz,node_modules/postcss,node_modules/postcss/LICENSE
potpack,1.0.2,ISC,package-lock,false,false,https://registry.npmjs.org/potpack/-/potpack-1.0.2.tgz,node_modules/potpack,node_modules/potpack/LICENSE
prismjs,1.30.0,MIT,package-lock,true,false,https://registry.npmjs.org/prismjs/-/prismjs-1.30.0.tgz,node_modules/prismjs,node_modules/prismjs/LICENSE
promise-worker-transferable,1.0.4,Apache-2.0,package-lock,false,false,https://registry.npmjs.org/promise-worker-transferable/-/promise-worker-transferable-1.0.4.tgz,node_modules/promise-worker-transferable,node_modules/promise-worker-transferable/LICENSE
property-information,6.5.0,MIT,package-lock,false,false,https://registry.npmjs.org/property-information/-/property-information-6.5.0.tgz,node_modules/hastscript/node_modules/property-information,node_modules/hastscript/node_modules/property-information/license
property-information,7.1.0,MIT,package-lock,false,false,https://registry.npmjs.org/property-information/-/property-information-7.1.0.tgz,node_modules/property-information,node_modules/property-information/license
react,19.2.4,MIT,package-lock,true,false,https://registry.npmjs.org/react/-/react-19.2.4.tgz,node_modules/react,node_modules/react/LICENSE
react-dom,19.2.4,MIT,package-lock,true,false,https://registry.npmjs.org/react-dom/-/react-dom-19.2.4.tgz,node_modules/react-dom,node_modules/react-dom/LICENSE
react-markdown,10.1.0,MIT,package-lock,true,false,https://registry.npmjs.org/react-markdown/-/react-markdown-10.1.0.tgz,node_modules/react-markdown,node_modules/react-markdown/license
react-refresh,0.18.0,MIT,package-lock,false,true,https://registry.npmjs.org/react-refresh/-/react-refresh-0.18.0.tgz,node_modules/react-refresh,node_modules/react-refresh/LICENSE
react-router,6.30.3,MIT,package-lock,false,false,https://registry.npmjs.org/react-router/-/react-router-6.30.3.tgz,node_modules/react-router,node_modules/react-router/LICENSE.md
react-router-dom,6.30.3,MIT,package-lock,true,false,https://registry.npmjs.org/react-router-dom/-/react-router-dom-6.30.3.tgz,node_modules/react-router-dom,node_modules/react-router-dom/LICENSE.md
react-use-measure,2.1.7,MIT,package-lock,false,false,https://registry.npmjs.org/react-use-measure/-/react-use-measure-2.1.7.tgz,node_modules/react-use-measure,node_modules/react-use-measure/LICENSE
refractor,4.9.0,MIT,package-lock,false,false,https://registry.npmjs.org/refractor/-/refractor-4.9.0.tgz,node_modules/refractor,node_modules/refractor/license
rehype-parse,9.0.1,MIT,package-lock,false,false,https://registry.npmjs.org/rehype-parse/-/rehype-parse-9.0.1.tgz,node_modules/rehype-parse,node_modules/rehype-parse/license
rehype-prism-plus,2.0.1,MIT,package-lock,true,false,https://registry.npmjs.org/rehype-prism-plus/-/rehype-prism-plus-2.0.1.tgz,node_modules/rehype-prism-plus,node_modules/rehype-prism-plus/LICENSE
remark-gfm,4.0.1,MIT,package-lock,true,false,https://registry.npmjs.org/remark-gfm/-/remark-gfm-4.0.1.tgz,node_modules/remark-gfm,node_modules/remark-gfm/license
remark-parse,11.0.0,MIT,package-lock,false,false,https://registry.npmjs.org/remark-parse/-/remark-parse-11.0.0.tgz,node_modules/remark-parse,node_modules/remark-parse/license
remark-rehype,11.1.2,MIT,package-lock,false,false,https://registry.npmjs.org/remark-rehype/-/remark-rehype-11.1.2.tgz,node_modules/remark-rehype,node_modules/remark-rehype/license
remark-stringify,11.0.0,MIT,package-lock,false,false,https://registry.npmjs.org/remark-stringify/-/remark-stringify-11.0.0.tgz,node_modules/remark-stringify,node_modules/remark-stringify/license
require-from-string,2.0.2,MIT,package-lock,false,false,https://registry.npmjs.org/require-from-string/-/require-from-string-2.0.2.tgz,node_modules/require-from-string,node_modules/require-from-string/license
rollup,4.57.1,MIT,package-lock,false,true,https://registry.npmjs.org/rollup/-/rollup-4.57.1.tgz,node_modules/rollup,node_modules/rollup/LICENSE.md
scheduler,0.27.0,MIT,package-lock,false,false,https://registry.npmjs.org/scheduler/-/scheduler-0.27.0.tgz,node_modules/scheduler,node_modules/scheduler/LICENSE
semver,6.3.1,ISC,package-lock,false,true,https://registry.npmjs.org/semver/-/semver-6.3.1.tgz,node_modules/semver,node_modules/semver/LICENSE
shebang-command,2.0.0,MIT,package-lock,false,false,https://registry.npmjs.org/shebang-command/-/shebang-command-2.0.0.tgz,node_modules/shebang-command,node_modules/shebang-command/license
shebang-regex,3.0.0,MIT,package-lock,false,false,https://registry.npmjs.org/shebang-regex/-/shebang-regex-3.0.0.tgz,node_modules/shebang-regex,node_modules/shebang-regex/license
source-map-js,1.2.1,BSD-3-Clause,package-lock,false,true,https://registry.npmjs.org/source-map-js/-/source-map-js-1.2.1.tgz,node_modules/source-map-js,node_modules/source-map-js/LICENSE
space-separated-tokens,2.0.2,MIT,package-lock,false,false,https://registry.npmjs.org/space-separated-tokens/-/space-separated-tokens-2.0.2.tgz,node_modules/space-separated-tokens,node_modules/space-separated-tokens/license
stats-gl,2.4.2,MIT,package-lock,false,false,https://registry.npmjs.org/stats-gl/-/stats-gl-2.4.2.tgz,node_modules/stats-gl,
stats.js,0.17.0,MIT,package-lock,false,false,https://registry.npmjs.org/stats.js/-/stats.js-0.17.0.tgz,node_modules/stats.js,node_modules/stats.js/LICENSE
stringify-entities,4.0.4,MIT,package-lock,false,false,https://registry.npmjs.org/stringify-entities/-/stringify-entities-4.0.4.tgz,node_modules/stringify-entities,node_modules/stringify-entities/license
style-to-js,1.1.21,MIT,package-lock,false,false,https://registry.npmjs.org/style-to-js/-/style-to-js-1.1.21.tgz,node_modules/style-to-js,node_modules/style-to-js/LICENSE
style-to-object,1.0.14,MIT,package-lock,false,false,https://registry.npmjs.org/style-to-object/-/style-to-object-1.0.14.tgz,node_modules/style-to-object,node_modules/style-to-object/LICENSE
suspend-react,0.1.3,MIT,package-lock,false,false,https://registry.npmjs.org/suspend-react/-/suspend-react-0.1.3.tgz,node_modules/suspend-react,node_modules/suspend-react/LICENSE
three,0.170.0,MIT,package-lock,false,false,https://registry.npmjs.org/three/-/three-0.170.0.tgz,node_modules/stats-gl/node_modules/three,node_modules/stats-gl/node_modules/three/LICENSE
three,0.182.0,MIT,package-lock,true,false,https://registry.npmjs.org/three/-/three-0.182.0.tgz,node_modules/three,node_modules/three/LICENSE
three-mesh-bvh,0.8.3,MIT,package-lock,false,false,https://registry.npmjs.org/three-mesh-bvh/-/three-mesh-bvh-0.8.3.tgz,node_modules/three-mesh-bvh,node_modules/three-mesh-bvh/LICENSE
three-stdlib,2.36.1,MIT,package-lock,false,false,https://registry.npmjs.org/three-stdlib/-/three-stdlib-2.36.1.tgz,node_modules/three-stdlib,node_modules/three-stdlib/LICENSE
tinyglobby,0.2.15,MIT,package-lock,false,true,https://registry.npmjs.org/tinyglobby/-/tinyglobby-0.2.15.tgz,node_modules/tinyglobby,node_modules/tinyglobby/LICENSE
trim-lines,3.0.1,MIT,package-lock,false,false,https://registry.npmjs.org/trim-lines/-/trim-lines-3.0.1.tgz,node_modules/trim-lines,node_modules/trim-lines/license
troika-three-text,0.52.4,MIT,package-lock,false,false,https://registry.npmjs.org/troika-three-text/-/troika-three-text-0.52.4.tgz,node_modules/troika-three-text,node_modules/troika-three-text/LICENSE
troika-three-utils,0.52.4,MIT,package-lock,false,false,https://registry.npmjs.org/troika-three-utils/-/troika-three-utils-0.52.4.tgz,node_modules/troika-three-utils,node_modules/troika-three-utils/LICENSE
troika-worker-utils,0.52.0,MIT,package-lock,false,false,https://registry.npmjs.org/troika-worker-utils/-/troika-worker-utils-0.52.0.tgz,node_modules/troika-worker-utils,node_modules/troika-worker-utils/LICENSE
trough,2.2.0,MIT,package-lock,false,false,https://registry.npmjs.org/trough/-/trough-2.2.0.tgz,node_modules/trough,node_modules/trough/license
tunnel-rat,0.1.2,MIT,package-lock,false,false,https://registry.npmjs.org/tunnel-rat/-/tunnel-rat-0.1.2.tgz,node_modules/tunnel-rat,node_modules/tunnel-rat/LICENSE
typescript,5.9.3,Apache-2.0,package-lock,true,true,https://registry.npmjs.org/typescript/-/typescript-5.9.3.tgz,node_modules/typescript,node_modules/typescript/LICENSE.txt
unified,11.0.5,MIT,package-lock,false,false,https://registry.npmjs.org/unified/-/unified-11.0.5.tgz,node_modules/unified,node_modules/unified/license
unist-util-filter,5.0.1,MIT,package-lock,false,false,https://registry.npmjs.org/unist-util-filter/-/unist-util-filter-5.0.1.tgz,node_modules/unist-util-filter,node_modules/unist-util-filter/license
unist-util-is,6.0.1,MIT,package-lock,false,false,https://registry.npmjs.org/unist-util-is/-/unist-util-is-6.0.1.tgz,node_modules/unist-util-is,node_modules/unist-util-is/license
unist-util-position,5.0.0,MIT,package-lock,false,false,https://registry.npmjs.org/unist-util-position/-/unist-util-position-5.0.0.tgz,node_modules/unist-util-position,node_modules/unist-util-position/license
unist-util-stringify-position,4.0.0,MIT,package-lock,false,false,https://registry.npmjs.org/unist-util-stringify-position/-/unist-util-stringify-position-4.0.0.tgz,node_modules/unist-util-stringify-position,node_modules/unist-util-stringify-position/license
unist-util-visit,5.1.0,MIT,package-lock,false,false,https://registry.npmjs.org/unist-util-visit/-/unist-util-visit-5.1.0.tgz,node_modules/unist-util-visit,node_modules/unist-util-visit/license
unist-util-visit-parents,6.0.2,MIT,package-lock,false,false,https://registry.npmjs.org/unist-util-visit-parents/-/unist-util-visit-parents-6.0.2.tgz,node_modules/unist-util-visit-parents,node_modules/unist-util-visit-parents/license
update-browserslist-db,1.2.3,MIT,package-lock,false,true,https://registry.npmjs.org/update-browserslist-db/-/update-browserslist-db-1.2.3.tgz,node_modules/update-browserslist-db,node_modules/update-browserslist-db/LICENSE
use-sync-external-store,1.6.0,MIT,package-lock,false,false,https://registry.npmjs.org/use-sync-external-store/-/use-sync-external-store-1.6.0.tgz,node_modules/use-sync-external-store,node_modules/use-sync-external-store/LICENSE
utility-types,3.11.0,MIT,package-lock,false,false,https://registry.npmjs.org/utility-types/-/utility-types-3.11.0.tgz,node_modules/utility-types,node_modules/utility-types/LICENSE
vfile,6.0.3,MIT,package-lock,false,false,https://registry.npmjs.org/vfile/-/vfile-6.0.3.tgz,node_modules/vfile,node_modules/vfile/license
vfile-location,5.0.3,MIT,package-lock,false,false,https://registry.npmjs.org/vfile-location/-/vfile-location-5.0.3.tgz,node_modules/vfile-location,node_modules/vfile-location/license
vfile-message,4.0.3,MIT,package-lock,false,false,https://registry.npmjs.org/vfile-message/-/vfile-message-4.0.3.tgz,node_modules/vfile-message,node_modules/vfile-message/license
vite,7.3.1,MIT,package-lock,true,true,https://registry.npmjs.org/vite/-/vite-7.3.1.tgz,node_modules/vite,node_modules/vite/LICENSE.md
web-namespaces,2.0.1,MIT,package-lock,false,false,https://registry.npmjs.org/web-namespaces/-/web-namespaces-2.0.1.tgz,node_modules/web-namespaces,node_modules/web-namespaces/license
webgl-constants,1.1.1,MIT,license-file-inferred,false,false,https://registry.npmjs.org/webgl-constants/-/webgl-constants-1.1.1.tgz,node_modules/webgl-constants,node_modules/webgl-constants/LICENSE
webgl-sdf-generator,1.1.1,MIT,package-lock,false,false,https://registry.npmjs.org/webgl-sdf-generator/-/webgl-sdf-generator-1.1.1.tgz,node_modules/webgl-sdf-generator,node_modules/webgl-sdf-generator/LICENSE.txt
which,2.0.2,ISC,package-lock,false,false,https://registry.npmjs.org/which/-/which-2.0.2.tgz,node_modules/which,node_modules/which/LICENSE
yallist,3.1.1,ISC,package-lock,false,true,https://registry.npmjs.org/yallist/-/yallist-3.1.1.tgz,node_modules/yallist,node_modules/yallist/LICENSE
zustand,4.5.7,MIT,package-lock,false,false,https://registry.npmjs.org/zustand/-/zustand-4.5.7.tgz,node_modules/tunnel-rat/node_modules/zustand,node_modules/tunnel-rat/node_modules/zustand/LICENSE
zustand,5.0.11,MIT,package-lock,false,false,https://registry.npmjs.org/zustand/-/zustand-5.0.11.tgz,node_modules/zustand,node_modules/zustand/LICENSE
zwitch,2.0.4,MIT,package-lock,false,false,https://registry.npmjs.org/zwitch/-/zwitch-2.0.4.tgz,node_modules/zwitch,node_modules/zwitch/license
